Terrence,Furey
Greg,Gangi
Ketan,Mayer-Patel
Ketan,Mayer-Patel
Kevin,Jeffay
Mark,Jones
Ketan,Mayer-Patel
Ketan,Mayer-Patel
Terrence,Furey
Mike,Reed
Greg,Gangi
Ketan,Mayer-Patel
Ketan,Mayer-Patel
Greg,Gangi
Ketan,Mayer-Patel
Ketan,Mayer-Patel
Ketan,Mayer-Patel
Ketan,Mayer-Patel
Terrence,Furey
Jan,Prins
Kevin,Jeffay
Ketan,Mayer-Patel
Jan,Prins
Terrence,Furey
Ketan,Mayer-Patel
Terrence,Furey
Greg,Gangi
Jan,Prins
Jan,Prins
Jan,Prins
Mark,Jones
Ketan,Mayer-Patel
Kevin,Jeffay
Greg,Gangi
Jan,Prins
Mike,Reed
Jan,Prins
Mark,Jones
Kevin,Jeffay
Mark,Jones
James,Anderson
Ketan,Mayer-Patel
Kevin,Jeffay
Mark,Jones
Ketan,Mayer-Patel
Terrence,Furey
Ketan,Mayer-Patel
James,Anderson
Greg,Gangi
Jan,Prins
Jan,Prins
Jan,Prins
Terrence,Furey
Mike,Reed
Ketan,Mayer-Patel
Ketan,Mayer-Patel
Kevin,Jeffay
Mike,Reed
Mark,Jones
Terrence,Furey
Kevin,Jeffay
Greg,Gangi
Mike,Reed
Jan,Prins
Ketan,Mayer-Patel
Mike,Reed
Mike,Reed
Mike,Reed
Kevin,Jeffay
Terrence,Furey
Mark,Jones
Jan,Prins
Terrence,Furey
Greg,Gangi
Ketan,Mayer-Patel
Terrence,Furey
Mark,Jones
Kevin,Jeffay
Jan,Prins
Mike,Reed
Mark,Jones
Mike,Reed
Kevin,Jeffay
Jan,Prins
Mike,Reed
James,Anderson
Greg,Gangi
James,Anderson
Jan,Prins
Jan,Prins
Mike,Reed
Jan,Prins
Terrence,Furey
Terrence,Furey
Ketan,Mayer-Patel
James,Anderson
Ketan,Mayer-Patel
James,Anderson
Ketan,Mayer-Patel
Ketan,Mayer-Patel
Terrence,Furey
Kevin,Jeffay
Jan,Prins
Jan,Prins
Kevin,Jeffay
Greg,Gangi
Greg,Gangi
Jan,Prins
Mike,Reed
Kevin,Jeffay
Jan,Prins
Terrence,Furey
Kevin,Jeffay
Kevin,Jeffay
Jan,Prins
Ketan,Mayer-Patel
Mark,Jones
Ketan,Mayer-Patel
James,Anderson
Greg,Gangi
Jan,Prins
Jan,Prins
Ketan,Mayer-Patel
Terrence,Furey
James,Anderson
Kevin,Jeffay
Terrence,Furey
Jan,Prins
Mike,Reed
Kevin,Jeffay
James,Anderson
Greg,Gangi
Ketan,Mayer-Patel
Ketan,Mayer-Patel
James,Anderson
Jan,Prins
Jan,Prins
Kevin,Jeffay
Terrence,Furey
Kevin,Jeffay
Jan,Prins
James,Anderson
Greg,Gangi
Mike,Reed
Kevin,Jeffay
Terrence,Furey
Mark,Jones
Mark,Jones
Ketan,Mayer-Patel
Mark,Jones
Terrence,Furey
Terrence,Furey
Mike,Reed
Kevin,Jeffay
Terrence,Furey
Ketan,Mayer-Patel
Mike,Reed
Jan,Prins
Mark,Jones
Terrence,Furey
Mark,Jones
Mark,Jones
Terrence,Furey
Jan,Prins
Greg,Gangi
Terrence,Furey
Mark,Jones
Ketan,Mayer-Patel
Jan,Prins
Greg,Gangi
Mark,Jones
James,Anderson
Ketan,Mayer-Patel
Mark,Jones
Ketan,Mayer-Patel
Jan,Prins
Greg,Gangi
Terrence,Furey
Greg,Gangi
Ketan,Mayer-Patel
Jan,Prins
Jan,Prins
Ketan,Mayer-Patel
James,Anderson
Jan,Prins
Mike,Reed
Ketan,Mayer-Patel
Mike,Reed
Greg,Gangi
Kevin,Jeffay
Terrence,Furey
Jan,Prins
Jan,Prins
Jan,Prins
Greg,Gangi
Mike,Reed
Mike,Reed
Greg,Gangi
Jan,Prins
Mark,Jones
Jan,Prins
Jan,Prins
Jan,Prins
Kevin,Jeffay
Jan,Prins
Jan,Prins
James,Anderson
Kevin,Jeffay
Greg,Gangi
Jan,Prins
Mike,Reed
Mark,Jones
Ketan,Mayer-Patel
Ketan,Mayer-Patel
Greg,Gangi
Jan,Prins
Ketan,Mayer-Patel
Ketan,Mayer-Patel
Mark,Jones
James,Anderson
Jan,Prins
Mike,Reed
Jan,Prins
Mike,Reed
James,Anderson
Greg,Gangi
Terrence,Furey
Ketan,Mayer-Patel
James,Anderson
Ketan,Mayer-Patel
Ketan,Mayer-Patel
Mark,Jones
Greg,Gangi
Mark,Jones
Jan,Prins
Kevin,Jeffay
Mark,Jones
Jan,Prins
Mike,Reed
Greg,Gangi
Kevin,Jeffay
Jan,Prins
Mark,Jones
Ketan,Mayer-Patel
Greg,Gangi
Ketan,Mayer-Patel
James,Anderson
James,Anderson
Ketan,Mayer-Patel
James,Anderson
Ketan,Mayer-Patel
James,Anderson
James,Anderson
Ketan,Mayer-Patel
Ketan,Mayer-Patel
Jan,Prins
Jan,Prins
Ketan,Mayer-Patel
Jan,Prins
Jan,Prins
James,Anderson
Kevin,Jeffay
Ketan,Mayer-Patel
James,Anderson
Mike,Reed
Mark,Jones
Mike,Reed
Greg,Gangi
Kevin,Jeffay
Mark,Jones
Ketan,Mayer-Patel
Jan,Prins
Greg,Gangi
Kevin,Jeffay
Ketan,Mayer-Patel
Greg,Gangi
Kevin,Jeffay
Jan,Prins
James,Anderson
Ketan,Mayer-Patel
Jan,Prins
Mike,Reed
James,Anderson
James,Anderson
James,Anderson
Ketan,Mayer-Patel
Ketan,Mayer-Patel
Terrence,Furey
Jan,Prins
Mike,Reed
Mike,Reed
Terrence,Furey
Jan,Prins
James,Anderson
Mark,Jones
James,Anderson
Ketan,Mayer-Patel
Ketan,Mayer-Patel
Ketan,Mayer-Patel
Mark,Jones
